{
	"info": {
		"_postman_id": "238aca9b-cf16-4759-859f-db8967466f58",
		"name": "MSTR-Module5-Semana1",
		"schema": "https://schema.getpostman.com/json/collection/v2.1.0/collection.json",
		"_exporter_id": "20398035"
	},
	"item": [
		{
			"name": "Get All Data",
			"request": {
				"method": "GET",
				"header": [],
				"url": {
					"raw": "localhost:8000/api/employees",
					"host": [
						"localhost"
					],
					"port": "8000",
					"path": [
						"api",
						"employees"
					]
				}
			},
			"response": []
		},
		{
			"name": "Get by Name",
			"request": {
				"method": "GET",
				"header": [],
				"url": {
					"raw": "localhost:8000/api/employees/Bob",
					"host": [
						"localhost"
					],
					"port": "8000",
					"path": [
						"api",
						"employees",
						"Bob"
					]
				}
			},
			"response": []
		},
		{
			"name": "Get Oldest",
			"request": {
				"method": "GET",
				"header": [],
				"url": {
					"raw": "localhost:8000/api/employees/oldest",
					"host": [
						"localhost"
					],
					"port": "8000",
					"path": [
						"api",
						"employees",
						"oldest"
					]
				}
			},
			"response": []
		},
		{
			"name": "Get Page 1",
			"request": {
				"method": "GET",
				"header": [],
				"url": {
					"raw": "localhost:8000/api/employees?page=1",
					"host": [
						"localhost"
					],
					"port": "8000",
					"path": [
						"api",
						"employees"
					],
					"query": [
						{
							"key": "page",
							"value": "1"
						}
					]
				}
			},
			"response": []
		},
		{
			"name": "Get Page 2",
			"request": {
				"method": "GET",
				"header": [],
				"url": {
					"raw": "localhost:8000/api/employees?page=2",
					"host": [
						"localhost"
					],
					"port": "8000",
					"path": [
						"api",
						"employees"
					],
					"query": [
						{
							"key": "page",
							"value": "2"
						}
					]
				}
			},
			"response": []
		},
		{
			"name": "Get N Page ",
			"request": {
				"method": "GET",
				"header": [],
				"url": {
					"raw": "localhost:8000/api/employees?page=N",
					"host": [
						"localhost"
					],
					"port": "8000",
					"path": [
						"api",
						"employees"
					],
					"query": [
						{
							"key": "page",
							"value": "N"
						}
					]
				}
			},
			"response": []
		},
		{
			"name": "Get Users",
			"request": {
				"method": "GET",
				"header": [],
				"url": {
					"raw": "localhost:8000/api/employees?user=true",
					"host": [
						"localhost"
					],
					"port": "8000",
					"path": [
						"api",
						"employees"
					],
					"query": [
						{
							"key": "user",
							"value": "true"
						}
					]
				}
			},
			"response": []
		},
		{
			"name": "Post User",
			"request": {
				"method": "POST",
				"header": [],
				"body": {
					"mode": "raw",
					"raw": "{\n        \"name\": \"Test\",\n        \"age\": 66,\n        \"phone\": {\n            \"personal\": \"333-303-333\",\n            \"work\": \"333-333-333\",\n            \"ext\": \"33\"\n        },\n        \"privileges\": \"user\",\n        \"favorites\": {\n            \"artist\": \"Crewdson\",\n            \"food\": \"chocolate\"\n        },\n        \"finished\": [\n            6\n        ],\n        \"badges\": [\n            \"purple\",\n            \"Crewdson\"\n        ],\n        \"points\": [\n            {\n                \"points\": 81,\n                \"bonus\": 8\n            },\n            {\n                \"points\": 55,\n                \"bonus\": 20\n            }\n        ]\n    }",
					"options": {
						"raw": {
							"language": "json"
						}
					}
				},
				"url": {
					"raw": "localhost:8000/api/employees",
					"host": [
						"localhost"
					],
					"port": "8000",
					"path": [
						"api",
						"employees"
					]
				}
			},
			"response": []
		},
		{
			"name": "Get Black Badges",
			"request": {
				"method": "GET",
				"header": [],
				"url": {
					"raw": "localhost:8000/api/employees?badges=black",
					"host": [
						"localhost"
					],
					"port": "8000",
					"path": [
						"api",
						"employees"
					],
					"query": [
						{
							"key": "badges",
							"value": "black"
						}
					]
				}
			},
			"response": []
		}
	]
}